Order_Line_ID,Order_ID,Order_Date,Customer_ID,Customer_Segment,Customer_City,Customer_State,Product_ID,Product_Name,Category,Subcategory,Brand,Sales_Channel,Payment_Method,Quantity,Unit_Price,Unit_Cost,Discount_Pct,Shipping_Fee,Delivery_Date,Return_Flag,Return_Date,Return_Reason,Return_Quantity,Refund_Deduction_Pct,Product_Rating
OL-000020,ORD-2025-00017,05-Feb-2025,C0287,Consumer,Mangaluru,Karnataka,P003,UrbanThread Cotton Polo T-Shirt,Fashion,Men's Clothing,UrbanThread,Mobile App,credit card,1,"₹1,805.45","₹1,128.89",15%,₹49.00,10-Feb-2025,No,,,0,0%,4.0
OL-000035,ORD-2025-00026,24-Feb-2025,C0302,Home Office,Noida,Uttar Pradesh,P075,GroomLab Hair Straightener,Beauty,Personal Care,GroomLab,MOBILE APP,upi,2,"₹3,607.93","₹1,901.20",5%,₹0.00,25-Feb-2025,N,,,0,0%,
OL-000044,ORD-2025-00034,01-Feb-2025,C0630,Consumer,Siliguri,West Bengal,P068,DermaNest Night Repair Cream,Beauty,Skin Care,DermaNest,Mobile App,Credit Card,2,"₹1,001.06",₹376.87,30%,₹79.00,06-Feb-2025,No,,,0,0%,
OL-000047,ORD-2025-00037,06-Feb-2025,C0784,Consumer,Mangaluru,Karnataka,P063,NestLoom Lightweight Comforter,Home & Kitchen,Home Furnishing,NestLoom,MARKETPLACE,Credit Card,1,"₹1,151.11",₹465.94,10%,₹39.00,13-Feb-2025,no,,,0,0%,
OL-000064,ORD-2025-00051,14-Feb-2025,C0675,Corporate,Coimbatore,Tamil Nadu,P015,MiraMode Printed Maxi Dress,Fashion,Women's Clothing,MiraMode,Marketplace,CREDIT CARD,1,"₹3,783.79","₹2,122.23",20%,₹0.00,20-Feb-2025,N,,,0,0%,4.0
OL-000123,ORD-2025-00092,06-Feb-2025,C0847,Corporate,Bhopal,Madhya Pradesh,P003,UrbanThread Cotton Polo T-Shirt,Fashion,Men's Clothing,UrbanThread,MOBILE APP,UPI,1,"₹1,918.19","₹1,128.89",0%,₹49.00,09-Feb-2025,Returned,27-Feb-2025,Wrong Item,1,5%,
OL-000130,ORD-2025-00097,02-Feb-2025,C0524,Corporate,Warangal,Telangana,P102,SkillLeaf Excel for Analysts,Books,Books,SkillLeaf,website,UPI,2,₹718.03,₹201.89,15%,₹49.00,07-Feb-2025,Not Returned,,,0,0%,5.0
OL-000146,ORD-2025-00104,19-Feb-2025,C0613,Corporate,Chandigarh,Punjab,P079,GlowEase Hair Styling Brush,Beauty,Personal Care,GlowEase,Website,debit card,1,"₹4,902.70","₹2,198.07",0%,₹0.00,21-Feb-2025,Not Returned,,,0,0%,
OL-000158,ORD-2025-00114,28-Feb-2025,C0205,Consumer,Kanpur,Uttar Pradesh,P047,HomeSync Digital Photo Frame,Electronics,Smart Devices,HomeSync,OFFLINE STORE,Credit Card,2,"₹3,078.20","₹1,997.47",15%,₹0.00,02-Mar-2025,N,,,0,0%,4.0
OL-000193,ORD-2025-00139,25-Feb-2025,C0764,Home Office,Kolkata,West Bengal,P058,NestLoom Blackout Curtains,Home & Kitchen,Home Furnishing,NestLoom,Mobile App,upi,2,"₹4,769.81","₹2,429.60",10%,₹0.00,26-Feb-2025,No,,,0,0%,
OL-000198,ORD-2025-00142,20-Feb-2025,C0563,Corporate,Chennai,Tamil Nadu,P064,CasaBloom Table Runner Set,Home & Kitchen,Home Furnishing,CasaBloom,MOBILE APP,UPI,1,"₹2,682.82","₹1,522.07",10%,₹0.00,23-Feb-2025,Not Returned,,,0,0%,4.0
OL-000203,ORD-2025-00146,18-Feb-2025,C0324,Consumer,Indore,Madhya Pradesh,P026,SonicBay Bluetooth Speaker,Electronics,Audio,SonicBay,mobile app,Upi,3,"₹7,812.12","₹5,106.31",0%,₹0.00,23-Feb-2025,Not Returned,,,0,0%,3.0
OL-000295,ORD-2025-00212,12-Feb-2025,C0124,Consumer,Jabalpur,Madhya Pradesh,P023,AeroStep Slip-On Sneakers,Fashion,Footwear,AeroStep,MOBILE APP,UPI,2,"₹3,587.66","₹2,443.63",0%,₹0.00,15-Feb-2025,no,,,0,0%,4.0
OL-000309,ORD-2025-00221,08-Feb-2025,C0220,Home Office,Jodhpur,Rajasthan,P051,KitchenRoot Electric Kettle,Home & Kitchen,Kitchen,KitchenRoot,Mobile App,UPI,1,"₹7,606.58","₹4,395.70",15%,₹0.00,12-Feb-2025,Yes,11-Mar-2025,Damaged Product,1,0%,1.0
OL-000314,ORD-2025-00225,15-Feb-2025,C0790,Consumer,Thiruvananthapuram,Kerala,P090,WildRoute Insulated Water Bottle,Sports,Outdoor,WildRoute,Website,credit card,1,"₹2,050.70",₹949.59,25%,₹39.00,20-Feb-2025,No,,,0,0%,2.0
OL-000354,ORD-2025-00255,27-Feb-2025,C0186,Consumer,New Delhi,Delhi,P043,HomeSync Wi-Fi Security Camera,Electronics,Smart Devices,HomeSync,Website,Upi,1,"₹19,746.91","₹13,144.70",0%,₹0.00,04-Mar-2025,Yes,23-Mar-2025,wrong item,1,0%,
OL-000413,ORD-2025-00301,13-Feb-2025,C0731,Consumer,Bengaluru,Karnataka,P020,FootNest Flat Sandals,Fashion,Footwear,FootNest,Mobile App,UPI,2,"₹2,298.55","₹1,191.67",15%,₹0.00,15-Feb-2025,No,,,0,0%,
OL-000416,ORD-2025-00304,02-Feb-2025,C0259,Corporate,Warangal,Telangana,P031,VoltAudio Neckband Earphones,Electronics,Audio,VoltAudio,offline store,Credit Card,2,"₹5,258.55","₹3,467.28",15%,₹0.00,02-Feb-2025,no,,,0,0%,
OL-000417,ORD-2025-00304,02-Feb-2025,C0259,Corporate,Warangal,Telangana,P070,PureGlow Body Lotion,Beauty,Skin Care,PureGlow,Offline Store,CREDIT CARD,1,"₹2,231.35",₹835.56,20%,₹0.00,04-Feb-2025,No,,,0,0%,
OL-000449,ORD-2025-00326,08-Feb-2025,C0706,Consumer,Kanpur,Uttar Pradesh,P030,VoltAudio Portable Speaker,Electronics,Audio,VoltAudio,website,Net Banking,2,"₹11,649.40","₹6,811.90",10%,₹0.00,10-Feb-2025,Not Returned,,,0,0%,
OL-000515,ORD-2025-00375,24-Feb-2025,C0814,Consumer,Kanpur,Uttar Pradesh,P052,CookCraft Storage Container Set,Home & Kitchen,Kitchen,CookCraft,OFFLINE STORE,Credit Card,1,"₹4,596.81","₹2,633.10",15%,₹0.00,24-Feb-2025,Y,12-Mar-2025,product not as expected,1,0%,1.0
OL-000520,ORD-2025-00379,23-Feb-2025,C0748,Consumer,New Delhi,Delhi,P019,AeroStep Walking Shoes,Fashion,Footwear,AeroStep,Offline Store,Credit Card,1,"₹1,034.76",₹531.47,15%,₹0.00,25-Feb-2025,N,,,0,0%,
OL-000521,ORD-2025-00379,23-Feb-2025,C0748,Consumer,New Delhi,Delhi,P025,SonicBay Wireless Earbuds,Electronics,Audio,SonicBay,Offline Store,Credit Card,1,"₹7,030.88","₹4,853.62",0%,₹0.00,24-Feb-2025,Not Returned,,,0,0%,
OL-000531,ORD-2025-00385,18-Feb-2025,C0639,Consumer,Siliguri,West Bengal,P020,FootNest Flat Sandals,Fashion,Footwear,FootNest,OFFLINE STORE,CREDIT CARD,3,"₹2,353.17","₹1,191.67",10%,₹0.00,20-Feb-2025,no,,,0,0%,
OL-000532,ORD-2025-00385,18-Feb-2025,C0639,Consumer,Siliguri,West Bengal,P101,BrightPage Modern Marketing Playbook,Books,Books,BrightPage,Offline Store,credit card,1,"₹1,361.60",₹460.56,0%,₹0.00,18-Feb-2025,N,,,0,0%,
OL-000570,ORD-2025-00409,17-Feb-2025,C0040,Home Office,Kozhikode,Kerala,P101,BrightPage Modern Marketing Playbook,Books,Books,BrightPage,website,cash on delivery,1,"₹1,284.25",₹460.56,15%,₹39.00,21-Feb-2025,no,,,0,0%,4.0
OL-000585,ORD-2025-00419,19-Feb-2025,C0354,Corporate,Surat,Gujarat,P059,CasaBloom Memory Foam Pillow,Home & Kitchen,Home Furnishing,CasaBloom,MOBILE APP,Credit Card,1,"₹1,148.72",₹598.05,15%,₹39.00,20-Feb-2025,Not Returned,,,0,0%,4.0
OL-000595,ORD-2025-00426,09-Feb-2025,C0517,Home Office,New Delhi,Delhi,P012,AuraStyle Casual Top,Fashion,Women's Clothing,AuraStyle,marketplace,Cash on Delivery,2,"₹2,530.52","₹1,247.93",5%,₹0.00,15-Feb-2025,N,,,0,0%,
OL-000600,ORD-2025-00431,09-Feb-2025,C0319,Consumer,New Delhi,Delhi,P076,GlowEase Electric Toothbrush,Beauty,Personal Care,GlowEase,Website,UPI,1,"₹5,419.02","₹3,182.34",15%,₹0.00,13-Feb-2025,Returned,16-Feb-2025,product not as expected,1,10%,1.0
OL-000605,ORD-2025-00435,27-Feb-2025,C0679,Consumer,Hyderabad,Telangana,P010,AuraStyle High Rise Jeans,Fashion,Women's Clothing,AuraStyle,marketplace,UPI,2,"₹1,460.89",₹619.70,10%,₹0.00,02-Mar-2025,N,,,0,0%,
OL-000662,ORD-2025-00478,21-Feb-2025,C0562,Consumer,New Delhi,Delhi,P086,MoveMax Workout Gloves,Sports,Fitness,MoveMax,Website,Upi,1,"₹4,105.55","₹1,613.19",0%,₹0.00,27-Feb-2025,N,,,0,0%,
OL-000700,ORD-2025-00505,24-Feb-2025,C0342,Home Office,Ludhiana,Punjab,P010,AuraStyle High Rise Jeans,Fashion,Women's Clothing,AuraStyle,Marketplace,Credit Card,1,"₹1,482.57",₹619.70,5%,₹79.00,02-Mar-2025,Not Returned,,,0,0%,
OL-000713,ORD-2025-00514,20-Feb-2025,C0160,Consumer,Kolkata,West Bengal,P016,VelvetLeaf Everyday Leggings,Fashion,Women's Clothing,VelvetLeaf,Marketplace,cash on delivery,3,"₹2,577.00","₹1,495.61",5%,₹0.00,28-Feb-2025,Not Returned,,,0,0%,
OL-000714,ORD-2025-00514,20-Feb-2025,C0160,Consumer,Kolkata,West Bengal,P068,DermaNest Night Repair Cream,Beauty,Skin Care,DermaNest,Marketplace,COD,2,"₹1,099.46",₹376.87,5%,₹49.00,27-Feb-2025,No,,,0,0%,
OL-000716,ORD-2025-00516,22-Feb-2025,C0696,Corporate,Jabalpur,Madhya Pradesh,P024,FootNest Formal Oxford Shoes,Fashion,Footwear,FootNest,website,Cash on Delivery,1,"₹4,244.10","₹2,201.04",20%,₹0.00,26-Feb-2025,N,,,0,0%,
OL-000717,ORD-2025-00516,22-Feb-2025,C0696,Corporate,Jabalpur,Madhya Pradesh,P016,VelvetLeaf Everyday Leggings,Fashion,Women's Clothing,VelvetLeaf,Website,Cash on Delivery,3,"₹2,588.40","₹1,495.61",5%,₹0.00,24-Feb-2025,no,,,0,0%,
OL-000718,ORD-2025-00516,22-Feb-2025,C0696,Corporate,Jabalpur,Madhya Pradesh,P049,HomeFlame Non-Stick Cookware Set,Home & Kitchen,Kitchen,HomeFlame,WEBSITE,cash on delivery,3,"₹9,013.17","₹6,307.48",5%,₹0.00,28-Feb-2025,no,,,0,0%,
OL-000724,ORD-2025-00522,02-Feb-2025,C0367,Consumer,New Delhi,Delhi,P025,SonicBay Wireless Earbuds,Electronics,Audio,SonicBay,WEBSITE,UPI,1,"₹7,552.96","₹4,853.62",0%,₹0.00,08-Feb-2025,Not Returned,,,0,0%,2.0
OL-000748,ORD-2025-00540,04-Feb-2025,C0589,Corporate,Kozhikode,Kerala,P062,NestLoom Floor Mat Set,Home & Kitchen,Home Furnishing,NestLoom,MARKETPLACE,credit card,2,"₹3,339.68","₹1,409.58",25%,₹0.00,07-Feb-2025,Y,04-Mar-2025,Product Not as Expected,2,0%,
OL-000749,ORD-2025-00540,04-Feb-2025,C0589,Corporate,Kozhikode,Kerala,P003,UrbanThread Cotton Polo T-Shirt,Fashion,Men's Clothing,UrbanThread,Marketplace,Credit Card,1,"₹1,865.81","₹1,128.89",0%,₹99.00,08-Feb-2025,no,,,0,0%,
OL-000750,ORD-2025-00540,04-Feb-2025,C0589,Corporate,Kozhikode,Kerala,P019,AeroStep Walking Shoes,Fashion,Footwear,AeroStep,Marketplace,credit card,4,"₹1,073.08",₹531.47,5%,₹0.00,12-Feb-2025,N,,,0,0%,
OL-000751,ORD-2025-00541,26-Feb-2025,C0243,Consumer,Warangal,Telangana,P010,AuraStyle High Rise Jeans,Fashion,Women's Clothing,AuraStyle,Mobile App,Credit Card,4,"₹1,501.55",₹619.70,15%,₹0.00,28-Feb-2025,Not Returned,,,0,0%,5.0
OL-000752,ORD-2025-00541,26-Feb-2025,C0243,Consumer,Warangal,Telangana,P030,VoltAudio Portable Speaker,Electronics,Audio,VoltAudio,Mobile App,Credit Card,2,"₹11,321.49","₹6,811.90",30%,₹0.00,27-Feb-2025,Not Returned,,,0,0%,4.0
OL-000753,ORD-2025-00541,26-Feb-2025,C0243,Consumer,Warangal,Telangana,P026,SonicBay Bluetooth Speaker,Electronics,Audio,SonicBay,Mobile App,credit card,1,"₹7,654.87","₹5,106.31",5%,₹0.00,01-Mar-2025,N,,,0,0%,
OL-000762,ORD-2025-00548,25-Feb-2025,C0012,Home Office,Ludhiana,Punjab,P103,InsightPress SQL Practice Workbook,Books,Books,InsightPress,Marketplace,Debit Card,1,₹855.74,₹330.48,0%,₹49.00,03-Mar-2025,no,,,0,0%,5.0
OL-000798,ORD-2025-00574,06-Feb-2025,C0730,Consumer,Jabalpur,Madhya Pradesh,P023,AeroStep Slip-On Sneakers,Fashion,Footwear,AeroStep,Mobile App,UPI,1,"₹3,930.11","₹2,443.63",10%,₹0.00,08-Feb-2025,yes,16-Feb-2025,Wrong Size,1,0%,
OL-000799,ORD-2025-00574,06-Feb-2025,C0730,Consumer,Jabalpur,Madhya Pradesh,P052,CookCraft Storage Container Set,Home & Kitchen,Kitchen,CookCraft,MOBILE APP,UPI,1,"₹4,809.13","₹2,633.10",10%,₹0.00,10-Feb-2025,No,,,0,0%,
OL-000821,ORD-2025-00591,12-Feb-2025,C0061,Consumer,Hyderabad,Telangana,P041,PixelNest Smart Watch,Electronics,Smart Devices,PixelNest,mobile app,upi,1,"₹17,426.69","₹10,108.00",30%,₹0.00,15-Feb-2025,no,,,0,0%,5.0
OL-000917,ORD-2025-00651,28-Feb-2025,C0043,Consumer,Siliguri,West Bengal,P010,AuraStyle High Rise Jeans,Fashion,Women's Clothing,AuraStyle,Marketplace,UPI,1,"₹1,591.54",₹619.70,0%,₹49.00,03-Mar-2025,N,,,0,0%,
OL-000946,ORD-2025-00676,07-Feb-2025,C0442,Consumer,Ludhiana,Punjab,P003,UrbanThread Cotton Polo T-Shirt,Fashion,Men's Clothing,UrbanThread,Website,net banking,1,"₹1,763.85","₹1,128.89",5%,₹79.00,11-Feb-2025,Not Returned,,,0,0%,
OL-000947,ORD-2025-00677,12-Feb-2025,C0726,Corporate,Mysuru,Karnataka,P082,MoveMax Resistance Band Set,Sports,Fitness,MoveMax,MOBILE APP,COD,1,"₹1,102.83",₹571.97,5%,₹79.00,17-Feb-2025,Not Returned,,,0,0%,5.0
OL-001001,ORD-2025-00714,01-Feb-2025,C0817,Consumer,Indore,Madhya Pradesh,P016,VelvetLeaf Everyday Leggings,Fashion,Women's Clothing,VelvetLeaf,Website,Credit Card,1,"₹2,804.91","₹1,495.61",20%,₹0.00,06-Feb-2025,No,,,0,0%,
OL-001040,ORD-2025-00740,03-Feb-2025,C0149,Consumer,New Delhi,Delhi,P088,FitForge Core Slider Set,Sports,Fitness,FitForge,Mobile App,upi,1,"₹5,051.77","₹2,278.33",20%,₹0.00,06-Feb-2025,N,,,0,0%,3.0
OL-001041,ORD-2025-00740,03-Feb-2025,C0149,Consumer,New Delhi,Delhi,P023,AeroStep Slip-On Sneakers,Fashion,Footwear,AeroStep,mobile app,upi,1,"₹3,663.16","₹2,443.63",0%,₹0.00,06-Feb-2025,no,,,0,0%,
OL-001057,ORD-2025-00749,18-Feb-2025,C0494,Home Office,Coimbatore,Tamil Nadu,P023,AeroStep Slip-On Sneakers,Fashion,Footwear,AeroStep,WEBSITE,UPI,1,"₹3,827.74","₹2,443.63",5%,₹0.00,20-Feb-2025,no,,,0,0%,
OL-001065,ORD-2025-00755,09-Feb-2025,C0273,Consumer,Indore,Madhya Pradesh,P037,NexCharge Wireless Charger,Electronics,Mobile Accessories,NexCharge,MARKETPLACE,cash on delivery,1,₹490.10,₹271.48,20%,₹49.00,12-Feb-2025,Yes,05-Mar-2025,damaged product,1,5%,
OL-001107,ORD-2025-00789,20-Feb-2025,C0243,Consumer,Warangal,Telangana,P061,CasaBloom Decorative Cushion Set,Home & Kitchen,Home Furnishing,CasaBloom,Mobile App,CREDIT CARD,1,"₹4,799.39","₹2,867.87",25%,₹0.00,22-Feb-2025,Yes,20-Mar-2025,damaged product,1,0%,1.0
OL-001110,ORD-2025-00792,19-Feb-2025,C0820,Consumer,Kolkata,West Bengal,P103,InsightPress SQL Practice Workbook,Books,Books,InsightPress,WEBSITE,cash on delivery,3,₹901.48,₹330.48,15%,₹0.00,21-Feb-2025,N,,,0,0%,
OL-001123,ORD-2025-00803,07-Feb-2025,C0391,Consumer,Jaipur,Rajasthan,P061,CasaBloom Decorative Cushion Set,Home & Kitchen,Home Furnishing,CasaBloom,WEBSITE,Debit Card,2,"₹5,061.63","₹2,867.87",0%,₹0.00,10-Feb-2025,no,,,0,0%,
OL-001124,ORD-2025-00803,07-Feb-2025,C0391,Consumer,Jaipur,Rajasthan,P032,SonicBay Studio Headphones,Electronics,Audio,SonicBay,Website,Debit Card,1,"₹1,508.05","₹1,085.23",0%,₹49.00,10-Feb-2025,N,,,0,0%,
OL-001143,ORD-2025-00815,28-Feb-2025,C0679,Consumer,Hyderabad,Telangana,P022,AeroStep Training Shoes,Fashion,Footwear,AeroStep,OFFLINE STORE,Debit Card,1,"₹4,374.39","₹2,516.74",5%,₹0.00,02-Mar-2025,No,,,0,0%,5.0
OL-001151,ORD-2025-00822,18-Feb-2025,C0392,Home Office,Jaipur,Rajasthan,P027,PulseTech Over-Ear Headphones,Electronics,Audio,PulseTech,Offline Store,UPI,1,"₹12,940.62","₹8,206.05",20%,₹0.00,20-Feb-2025,Not Returned,,,0,0%,
OL-001180,ORD-2025-00843,12-Feb-2025,C0623,Corporate,Amritsar,Punjab,P018,StrideX Casual Loafers,Fashion,Footwear,StrideX,Mobile App,Upi,2,"₹3,394.97","₹1,816.29",30%,₹0.00,16-Feb-2025,Y,26-Feb-2025,Quality Issue,2,5%,
OL-001191,ORD-2025-00852,02-Feb-2025,C0184,Consumer,Kanpur,Uttar Pradesh,P056,CookCraft Hand Blender,Home & Kitchen,Kitchen,CookCraft,WEBSITE,cash on delivery,1,"₹11,585.90","₹6,467.93",30%,₹0.00,07-Feb-2025,N,,,0,0%,
OL-001192,ORD-2025-00852,02-Feb-2025,C0184,Consumer,Kanpur,Uttar Pradesh,P096,WildRoute Compact Binoculars,Sports,Outdoor,WildRoute,WEBSITE,COD,1,"₹4,535.71","₹2,906.69",5%,₹0.00,06-Feb-2025,Not Returned,,,0,0%,5.0
OL-001219,ORD-2025-00871,07-Feb-2025,C0233,Consumer,Surat,Gujarat,P051,KitchenRoot Electric Kettle,Home & Kitchen,Kitchen,KitchenRoot,Marketplace,Upi,1,"₹7,636.85","₹4,395.70",15%,₹0.00,13-Feb-2025,no,,,0,0%,4.0
OL-001220,ORD-2025-00872,06-Feb-2025,C0145,Home Office,Jaipur,Rajasthan,P028,SonicBay Soundbar Mini,Electronics,Audio,SonicBay,OFFLINE STORE,Upi,2,"₹12,269.93","₹7,220.21",10%,₹0.00,08-Feb-2025,no,,,0,0%,4.0
OL-001231,ORD-2025-00880,04-Feb-2025,C0227,Corporate,Bhopal,Madhya Pradesh,P020,FootNest Flat Sandals,Fashion,Footwear,FootNest,Offline Store,upi,2,"₹2,294.64","₹1,191.67",10%,₹0.00,06-Feb-2025,Yes,01-Mar-2025,Wrong Size,2,10%,2.0
OL-001232,ORD-2025-00880,04-Feb-2025,C0227,Corporate,Bhopal,Madhya Pradesh,P097,SkillLeaf Data Analytics Handbook,Books,Books,SkillLeaf,offline store,UPI,2,₹740.04,₹249.11,20%,₹0.00,05-Feb-2025,Yes,25-Feb-2025,Changed mind,2,5%,1.0
OL-001277,ORD-2025-00914,08-Feb-2025,C0125,Consumer,Siliguri,West Bengal,P049,HomeFlame Non-Stick Cookware Set,Home & Kitchen,Kitchen,HomeFlame,Offline Store,upi,1,"₹9,299.51","₹6,307.48",10%,₹0.00,08-Feb-2025,No,,,0,0%,5.0
OL-001280,ORD-2025-00917,08-Feb-2025,C0834,Consumer,Kochi,Kerala,P001,UrbanThread Classic Fit Shirt,Fashion,Men's Clothing,UrbanThread,mobile app,Upi,3,"₹2,052.19","₹1,197.48",0%,₹0.00,12-Feb-2025,no,,,0,0%,4.0
OL-001281,ORD-2025-00917,08-Feb-2025,C0834,Consumer,Kochi,Kerala,P009,VelvetLeaf Floral Midi Dress,Fashion,Women's Clothing,VelvetLeaf,MOBILE APP,Upi,1,"₹1,743.26","₹1,003.66",10%,₹49.00,12-Feb-2025,no,,,0,0%,4.0
OL-001292,ORD-2025-00926,20-Feb-2025,C0365,Consumer,Nashik,Maharashtra,P093,AeroCamp Cycling Helmet,Sports,Outdoor,AeroCamp,mobile app,Credit Card,1,"₹3,480.81","₹2,203.61",10%,₹0.00,23-Feb-2025,no,,,0,0%,
OL-001311,ORD-2025-00940,16-Feb-2025,C0487,Corporate,Jabalpur,Madhya Pradesh,P050,KitchenRoot Mixer Grinder,Home & Kitchen,Kitchen,KitchenRoot,Website,upi,1,"₹3,252.49","₹2,042.70",5%,₹0.00,19-Feb-2025,Not Returned,,,0,0%,5.0
OL-001312,ORD-2025-00940,16-Feb-2025,C0487,Corporate,Jabalpur,Madhya Pradesh,P004,UrbanThread Casual Chinos,Fashion,Men's Clothing,UrbanThread,website,upi,1,"₹2,458.39","₹1,378.10",5%,₹99.00,20-Feb-2025,no,,,0,0%,5.0
OL-001354,ORD-2025-00972,21-Feb-2025,C0439,Home Office,Coimbatore,Tamil Nadu,P013,MiraMode Knitted Cardigan,Fashion,Women's Clothing,MiraMode,website,Credit Card,2,"₹2,272.04","₹1,293.51",10%,₹0.00,23-Feb-2025,Returned,28-Feb-2025,Wrong Size,2,5%,2.0
OL-001372,ORD-2025-00984,13-Feb-2025,C0744,Consumer,Jodhpur,Rajasthan,P013,MiraMode Knitted Cardigan,Fashion,Women's Clothing,MiraMode,Website,Debit Card,1,"₹2,228.46","₹1,293.51",10%,₹49.00,15-Feb-2025,Not Returned,,,0,0%,
OL-001373,ORD-2025-00985,18-Feb-2025,C0491,Consumer,Vadodara,Gujarat,P083,FitForge Adjustable Dumbbells,Sports,Fitness,FitForge,MOBILE APP,wallet,2,"₹8,382.64","₹4,814.22",25%,₹0.00,21-Feb-2025,Returned,20-Mar-2025,Not As Expected,2,0%,2.0
OL-001385,ORD-2025-00996,19-Feb-2025,C0698,Corporate,Jodhpur,Rajasthan,P030,VoltAudio Portable Speaker,Electronics,Audio,VoltAudio,MOBILE APP,upi,1,"₹11,160.56","₹6,811.90",20%,₹0.00,23-Feb-2025,N,,,0,0%,
OL-001409,ORD-2025-01011,15-Feb-2025,C0282,Corporate,Noida,Uttar Pradesh,P026,SonicBay Bluetooth Speaker,Electronics,Audio,SonicBay,Mobile App,WALLET,1,"₹7,666.05","₹5,106.31",5%,₹0.00,18-Feb-2025,N,,,0,0%,4.0
OL-001418,ORD-2025-01020,09-Feb-2025,C0593,Consumer,Kochi,Kerala,P060,SoftHaven Cotton Towel Set,Home & Kitchen,Home Furnishing,SoftHaven,Website,debit card,2,"₹2,023.12",₹789.33,30%,₹0.00,14-Feb-2025,No,,,0,0%,
OL-001437,ORD-2025-01036,05-Feb-2025,C0797,Home Office,Kochi,Kerala,P074,GlowEase Trimmer Kit,Beauty,Personal Care,GlowEase,Mobile App,Debit Card,2,"₹2,043.70","₹1,072.86",5%,₹0.00,07-Feb-2025,no,,,0,0%,
OL-001438,ORD-2025-01036,05-Feb-2025,C0797,Home Office,Kochi,Kerala,P090,WildRoute Insulated Water Bottle,Sports,Outdoor,WildRoute,mobile app,Debit Card,2,"₹1,958.32",₹949.59,15%,₹0.00,06-Feb-2025,No,,,0,0%,4.0
OL-001444,ORD-2025-01040,04-Feb-2025,C0368,Consumer,Chennai,Tamil Nadu,P002,NorthLane Slim Fit Jeans,Fashion,Men's Clothing,NorthLane,MARKETPLACE,Credit Card,1,"₹1,048.61",₹591.59,10%,₹39.00,11-Feb-2025,No,,,0,0%,4.0
OL-001445,ORD-2025-01040,04-Feb-2025,C0368,Consumer,Chennai,Tamil Nadu,P032,SonicBay Studio Headphones,Electronics,Audio,SonicBay,MARKETPLACE,CREDIT CARD,1,"₹1,465.86","₹1,085.23",0%,₹59.00,10-Feb-2025,Yes,14-Feb-2025,Wrong item,1,0%,1.0
OL-001481,ORD-2025-01063,02-Feb-2025,C0562,Consumer,New Delhi,Delhi,P064,CasaBloom Table Runner Set,Home & Kitchen,Home Furnishing,CasaBloom,Mobile App,Upi,1,"₹2,776.19","₹1,522.07",20%,₹0.00,03-Feb-2025,No,,,0,0%,
OL-001507,ORD-2025-01086,04-Feb-2025,C0821,Corporate,New Delhi,Delhi,P042,PixelNest Fitness Band,Electronics,Smart Devices,PixelNest,WEBSITE,net banking,2,"₹4,933.50","₹3,685.96",20%,₹0.00,09-Feb-2025,no,,,0,0%,
OL-001508,ORD-2025-01086,04-Feb-2025,C0821,Corporate,New Delhi,Delhi,P018,StrideX Casual Loafers,Fashion,Footwear,StrideX,WEBSITE,net banking,2,"₹3,298.90","₹1,816.29",5%,₹0.00,08-Feb-2025,Not Returned,,,0,0%,
OL-001537,ORD-2025-01105,10-Feb-2025,C0084,Corporate,Jabalpur,Madhya Pradesh,P015,MiraMode Printed Maxi Dress,Fashion,Women's Clothing,MiraMode,MARKETPLACE,DEBIT CARD,1,"₹3,539.39","₹2,122.23",15%,₹0.00,15-Feb-2025,Not Returned,,,0,0%,3.0
OL-001558,ORD-2025-01122,12-Feb-2025,C0152,Consumer,Coimbatore,Tamil Nadu,P030,VoltAudio Portable Speaker,Electronics,Audio,VoltAudio,Mobile App,upi,1,"₹11,850.39","₹6,811.90",20%,₹0.00,16-Feb-2025,Not Returned,,,0,0%,
OL-001559,ORD-2025-01122,12-Feb-2025,C0152,Consumer,Coimbatore,Tamil Nadu,P089,TrailPeak Hiking Backpack,Sports,Outdoor,TrailPeak,mobile app,UPI,1,"₹4,230.35","₹2,093.58",5%,₹0.00,14-Feb-2025,No,,,0,0%,5.0
OL-001575,ORD-2025-01131,07-Feb-2025,C0822,Consumer,Coimbatore,Tamil Nadu,P074,GlowEase Trimmer Kit,Beauty,Personal Care,GlowEase,MOBILE APP,UPI,1,"₹2,097.53","₹1,072.86",10%,₹79.00,12-Feb-2025,yes,16-Feb-2025,quality issue,1,0%,2.0
OL-001582,ORD-2025-01136,16-Feb-2025,C0814,Consumer,Kanpur,Uttar Pradesh,P039,ConnectPro Screen Protector Pack,Electronics,Mobile Accessories,ConnectPro,Marketplace,Credit Card,1,"₹3,019.86","₹1,872.80",15%,₹0.00,20-Feb-2025,no,,,0,0%,4.0
OL-001584,ORD-2025-01138,25-Feb-2025,C0608,Corporate,Mumbai,Maharashtra,P003,UrbanThread Cotton Polo T-Shirt,Fashion,Men's Clothing,UrbanThread,MOBILE APP,Credit Card,1,"₹1,800.51","₹1,128.89",20%,₹39.00,02-Mar-2025,Not Returned,,,0,0%,
OL-001585,ORD-2025-01139,26-Feb-2025,C0668,Home Office,Nagpur,Maharashtra,P033,VoltEdge Fast Charging Adapter,Electronics,Mobile Accessories,VoltEdge,Website,debit card,1,"₹3,289.52","₹1,702.67",20%,₹0.00,02-Mar-2025,no,,,0,0%,
OL-001586,ORD-2025-01139,26-Feb-2025,C0668,Home Office,Nagpur,Maharashtra,P058,NestLoom Blackout Curtains,Home & Kitchen,Home Furnishing,NestLoom,WEBSITE,debit card,1,"₹4,684.37","₹2,429.60",10%,₹0.00,02-Mar-2025,No,,,0,0%,
OL-001606,ORD-2025-01156,08-Feb-2025,C0392,Home Office,Jaipur,Rajasthan,P093,AeroCamp Cycling Helmet,Sports,Outdoor,AeroCamp,Marketplace,Credit Card,2,"₹3,548.16","₹2,203.61",0%,₹0.00,12-Feb-2025,No,,,0,0%,
OL-001624,ORD-2025-01169,03-Feb-2025,C0560,Consumer,Kanpur,Uttar Pradesh,P057,NestLoom Bedsheet Set,Home & Kitchen,Home Furnishing,NestLoom,Mobile App,UPI,2,"₹3,687.62","₹1,790.83",15%,₹0.00,08-Feb-2025,N,,,0,0%,
OL-001625,ORD-2025-01169,03-Feb-2025,C0560,Consumer,Kanpur,Uttar Pradesh,P078,GroomLab Facial Cleansing Brush,Beauty,Personal Care,GroomLab,mobile app,Upi,1,"₹6,232.95","₹2,730.99",5%,₹0.00,06-Feb-2025,Not Returned,,,0,0%,5.0
OL-001652,ORD-2025-01187,18-Feb-2025,C0727,Consumer,Chandigarh,Punjab,P043,HomeSync Wi-Fi Security Camera,Electronics,Smart Devices,HomeSync,Offline Store,Upi,2,"₹20,122.02","₹13,144.70",10%,₹0.00,18-Feb-2025,Yes,23-Feb-2025,wrong item,2,0%,1.0
OL-001670,ORD-2025-01201,22-Feb-2025,C0102,Corporate,Lucknow,Uttar Pradesh,P100,SkillLeaf The Productivity System,Books,Books,SkillLeaf,Mobile App,UPI,2,₹586.18,₹247.93,5%,₹49.00,23-Feb-2025,N,,,0,0%,4.0
OL-001731,ORD-2025-01248,15-Feb-2025,C0581,Consumer,Surat,Gujarat,P001,UrbanThread Classic Fit Shirt,Fashion,Men's Clothing,UrbanThread,Mobile App,upi,1,"₹2,011.67","₹1,197.48",25%,₹59.00,19-Feb-2025,N,,,0,0%,5.0
OL-001732,ORD-2025-01248,15-Feb-2025,C0581,Consumer,Surat,Gujarat,P082,MoveMax Resistance Band Set,Sports,Fitness,MoveMax,MOBILE APP,UPI,3,"₹1,174.85",₹571.97,15%,₹0.00,18-Feb-2025,N,,,0,0%,
OL-001733,ORD-2025-01248,15-Feb-2025,C0581,Consumer,Surat,Gujarat,P075,GroomLab Hair Straightener,Beauty,Personal Care,GroomLab,Mobile App,UPI,2,"₹3,659.33","₹1,901.20",15%,₹0.00,19-Feb-2025,N,,,0,0%,5.0
OL-001736,ORD-2025-01250,23-Feb-2025,C0767,Corporate,Mangaluru,Karnataka,P070,PureGlow Body Lotion,Beauty,Skin Care,PureGlow,Marketplace,UPI,3,"₹2,326.83",₹835.56,10%,₹0.00,03-Mar-2025,N,,,0,0%,
OL-001768,ORD-2025-01272,12-Feb-2025,C0746,Consumer,Thiruvananthapuram,Kerala,P047,HomeSync Digital Photo Frame,Electronics,Smart Devices,HomeSync,Website,credit card,1,"₹2,967.80","₹1,997.47",10%,₹0.00,15-Feb-2025,no,,,0,0%,
OL-001780,ORD-2025-01281,03-Feb-2025,C0690,Corporate,Nashik,Maharashtra,P047,HomeSync Digital Photo Frame,Electronics,Smart Devices,HomeSync,website,Upi,2,"₹3,020.75","₹1,997.47",5%,₹0.00,08-Feb-2025,Y,03-Mar-2025,Damaged Product,2,0%,
OL-001807,ORD-2025-01299,11-Feb-2025,C0368,Consumer,Chennai,Tamil Nadu,P056,CookCraft Hand Blender,Home & Kitchen,Kitchen,CookCraft,Mobile App,Upi,1,"₹11,253.61","₹6,467.93",15%,₹0.00,12-Feb-2025,Not Returned,,,0,0%,
OL-001829,ORD-2025-01315,28-Feb-2025,C0151,Consumer,Ahmedabad,Gujarat,P046,PixelNest Smart Plug Pack,Electronics,Smart Devices,PixelNest,Marketplace,UPI,1,"₹9,520.33","₹7,571.95",0%,₹0.00,03-Mar-2025,N,,,0,0%,
OL-001886,ORD-2025-01359,16-Feb-2025,C0458,Consumer,Ludhiana,Punjab,P044,OrbitSmart Smart LED Bulb Pack,Electronics,Smart Devices,OrbitSmart,WEBSITE,Net Banking,1,"₹3,770.35","₹2,279.34",30%,₹0.00,19-Feb-2025,Returned,24-Feb-2025,Product Not as Expected,1,0%,2.0
OL-001888,ORD-2025-01361,24-Feb-2025,C0314,Consumer,Kolkata,West Bengal,P052,CookCraft Storage Container Set,Home & Kitchen,Kitchen,CookCraft,Website,CREDIT CARD,1,"₹4,479.04","₹2,633.10",5%,₹0.00,28-Feb-2025,Yes,07-Mar-2025,Late Delivery,1,0%,1.0
OL-001889,ORD-2025-01361,24-Feb-2025,C0314,Consumer,Kolkata,West Bengal,P020,FootNest Flat Sandals,Fashion,Footwear,FootNest,WEBSITE,Credit Card,1,"₹2,248.91","₹1,191.67",5%,₹59.00,01-Mar-2025,No,,,0,0%,5.0
OL-001890,ORD-2025-01361,24-Feb-2025,C0314,Consumer,Kolkata,West Bengal,P009,VelvetLeaf Floral Midi Dress,Fashion,Women's Clothing,VelvetLeaf,website,Credit Card,1,"₹1,694.21","₹1,003.66",0%,₹99.00,27-Feb-2025,Yes,10-Mar-2025,Not As Expected,1,0%,
OL-001891,ORD-2025-01361,24-Feb-2025,C0314,Consumer,Kolkata,West Bengal,P018,StrideX Casual Loafers,Fashion,Footwear,StrideX,Website,Credit Card,2,"₹3,441.61","₹1,816.29",15%,₹0.00,01-Mar-2025,Not Returned,,,0,0%,4.0
OL-001892,ORD-2025-01362,21-Feb-2025,C0802,Consumer,Indore,Madhya Pradesh,P003,UrbanThread Cotton Polo T-Shirt,Fashion,Men's Clothing,UrbanThread,mobile app,DEBIT CARD,2,"₹1,728.25","₹1,128.89",20%,₹0.00,24-Feb-2025,yes,12-Mar-2025,Wrong Size,2,10%,4.0
OL-001899,ORD-2025-01369,28-Feb-2025,C0270,Consumer,Kochi,Kerala,P054,HomeFlame Sandwich Maker,Home & Kitchen,Kitchen,HomeFlame,mobile app,UPI,2,"₹9,031.57","₹6,033.47",15%,₹0.00,01-Mar-2025,No,,,0,0%,
OL-001996,ORD-2025-01440,06-Feb-2025,C0738,Consumer,Coimbatore,Tamil Nadu,P022,AeroStep Training Shoes,Fashion,Footwear,AeroStep,offline store,Debit Card,2,"₹4,283.01","₹2,516.74",20%,₹0.00,06-Feb-2025,Yes,09-Feb-2025,Wrong size,1,5%,
OL-002010,ORD-2025-01449,07-Feb-2025,C0669,Consumer,Thiruvananthapuram,Kerala,P015,MiraMode Printed Maxi Dress,Fashion,Women's Clothing,MiraMode,Website,NET BANKING,1,"₹3,686.36","₹2,122.23",5%,₹0.00,09-Feb-2025,No,,,0,0%,
OL-002019,ORD-2025-01457,19-Feb-2025,C0105,Corporate,Hyderabad,Telangana,P008,NorthLane Everyday Crew T-Shirt,Fashion,Men's Clothing,NorthLane,MARKETPLACE,Credit Card,1,"₹2,651.21","₹1,327.12",5%,₹0.00,25-Feb-2025,No,,,0,0%,4.0
OL-002020,ORD-2025-01457,19-Feb-2025,C0105,Corporate,Hyderabad,Telangana,P084,FitForge Skipping Rope,Sports,Fitness,FitForge,Marketplace,credit card,1,₹704.29,₹296.67,30%,₹59.00,23-Feb-2025,no,,,0,0%,5.0
OL-002039,ORD-2025-01474,16-Feb-2025,C0554,Consumer,Jodhpur,Rajasthan,P086,MoveMax Workout Gloves,Sports,Fitness,MoveMax,marketplace,Upi,2,"₹3,678.32","₹1,613.19",15%,₹0.00,21-Feb-2025,N,,,0,0%,5.0
OL-002057,ORD-2025-01487,02-Feb-2025,C0007,Corporate,Mysuru,Karnataka,P050,KitchenRoot Mixer Grinder,Home & Kitchen,Kitchen,KitchenRoot,website,Net Banking,1,"₹3,252.66","₹2,042.70",0%,₹0.00,07-Feb-2025,N,,,0,0%,3.0
OL-002061,ORD-2025-01490,03-Feb-2025,C0024,Corporate,Mangaluru,Karnataka,P047,HomeSync Digital Photo Frame,Electronics,Smart Devices,HomeSync,marketplace,Credit Card,1,"₹3,255.87","₹1,997.47",5%,₹0.00,11-Feb-2025,Returned,02-Mar-2025,damaged product,1,0%,
OL-002107,ORD-2025-01525,19-Feb-2025,C0824,Corporate,Jaipur,Rajasthan,P052,CookCraft Storage Container Set,Home & Kitchen,Kitchen,CookCraft,Mobile App,Credit Card,1,"₹4,853.73","₹2,633.10",15%,₹0.00,21-Feb-2025,Y,08-Mar-2025,Damaged Product,1,0%,1.0
OL-002149,ORD-2025-01557,06-Feb-2025,C0796,Consumer,Kanpur,Uttar Pradesh,P012,AuraStyle Casual Top,Fashion,Women's Clothing,AuraStyle,Website,Credit Card,2,"₹2,589.49","₹1,247.93",5%,₹0.00,09-Feb-2025,No,,,0,0%,5.0
OL-002150,ORD-2025-01557,06-Feb-2025,C0796,Consumer,Kanpur,Uttar Pradesh,P021,FootNest Block Heel Sandals,Fashion,Footwear,FootNest,website,CREDIT CARD,1,"₹4,173.49","₹2,846.55",15%,₹0.00,12-Feb-2025,Not Returned,,,0,0%,4.0
OL-002151,ORD-2025-01557,06-Feb-2025,C0796,Consumer,Kanpur,Uttar Pradesh,P006,UrbanThread Printed Casual Shirt,Fashion,Men's Clothing,UrbanThread,website,CREDIT CARD,1,"₹2,803.52","₹1,292.17",15%,₹0.00,10-Feb-2025,Y,05-Mar-2025,Changed Mind,1,5%,2.0
OL-002152,ORD-2025-01557,06-Feb-2025,C0796,Consumer,Kanpur,Uttar Pradesh,P027,PulseTech Over-Ear Headphones,Electronics,Audio,PulseTech,Website,Credit Card,1,"₹12,669.99","₹8,206.05",15%,₹0.00,08-Feb-2025,N,,,0,0%,
OL-002155,ORD-2025-01559,09-Feb-2025,C0487,Corporate,Jabalpur,Madhya Pradesh,P010,AuraStyle High Rise Jeans,Fashion,Women's Clothing,AuraStyle,Website,debit card,1,"₹1,538.24",₹619.70,15%,₹59.00,15-Feb-2025,Y,22-Feb-2025,Wrong Size,1,0%,
OL-002167,ORD-2025-01568,04-Feb-2025,C0333,Corporate,Amritsar,Punjab,P016,VelvetLeaf Everyday Leggings,Fashion,Women's Clothing,VelvetLeaf,Mobile App,UPI,1,"₹2,615.52","₹1,495.61",25%,₹0.00,05-Feb-2025,Not Returned,,,0,0%,
OL-002168,ORD-2025-01568,04-Feb-2025,C0333,Corporate,Amritsar,Punjab,P101,BrightPage Modern Marketing Playbook,Books,Books,BrightPage,mobile app,upi,2,"₹1,348.74",₹460.56,10%,₹0.00,09-Feb-2025,no,,,0,0%,
OL-002169,ORD-2025-01568,04-Feb-2025,C0333,Corporate,Amritsar,Punjab,P062,NestLoom Floor Mat Set,Home & Kitchen,Home Furnishing,NestLoom,Mobile App,UPI,1,"₹3,506.95","₹1,409.58",10%,₹0.00,08-Feb-2025,Not Returned,,,0,0%,
OL-002178,ORD-2025-01575,14-Feb-2025,C0117,Corporate,Kolkata,West Bengal,P009,VelvetLeaf Floral Midi Dress,Fashion,Women's Clothing,VelvetLeaf,Website,Cash on Delivery,3,"₹1,678.76","₹1,003.66",30%,₹0.00,17-Feb-2025,No,,,0,0%,
OL-002184,ORD-2025-01580,26-Feb-2025,C0427,Consumer,Chandigarh,Punjab,P069,PureGlow Niacinamide Serum,Beauty,Skin Care,PureGlow,Website,UPI,1,₹764.25,₹337.59,5%,₹59.00,28-Feb-2025,No,,,0,0%,1.0
OL-002195,ORD-2025-01589,10-Feb-2025,C0738,Consumer,Coimbatore,Tamil Nadu,P063,NestLoom Lightweight Comforter,Home & Kitchen,Home Furnishing,NestLoom,Offline Store,DEBIT CARD,1,"₹1,176.34",₹465.94,20%,₹0.00,10-Feb-2025,Not Returned,,,0,0%,4.0
OL-002209,ORD-2025-01600,20-Feb-2025,C0238,Consumer,Jodhpur,Rajasthan,P001,UrbanThread Classic Fit Shirt,Fashion,Men's Clothing,UrbanThread,Website,DEBIT CARD,1,"₹2,182.19","₹1,197.48",5%,₹79.00,25-Feb-2025,Not Returned,,,0,0%,1.0
OL-002218,ORD-2025-01608,15-Feb-2025,C0499,Corporate,Noida,Uttar Pradesh,P092,TrailPeak Trekking Pole Set,Sports,Outdoor,TrailPeak,Mobile App,upi,1,"₹2,148.24","₹1,345.49",0%,₹39.00,18-Feb-2025,Not Returned,,,0,0%,
OL-002219,ORD-2025-01608,15-Feb-2025,C0499,Corporate,Noida,Uttar Pradesh,P031,VoltAudio Neckband Earphones,Electronics,Audio,VoltAudio,mobile app,Upi,1,"₹5,218.06","₹3,467.28",10%,₹0.00,17-Feb-2025,no,,,0,0%,5.0
OL-002223,ORD-2025-01612,12-Feb-2025,C0540,Consumer,Noida,Uttar Pradesh,P031,VoltAudio Neckband Earphones,Electronics,Audio,VoltAudio,Website,NET BANKING,4,"₹5,244.23","₹3,467.28",20%,₹0.00,16-Feb-2025,No,,,0,0%,1.0
OL-002248,ORD-2025-01629,02-Feb-2025,C0274,Consumer,Ludhiana,Punjab,P104,SkillLeaf Power BI Project Guide,Books,Books,SkillLeaf,Website,Upi,3,"₹1,164.91",₹474.23,20%,₹0.00,05-Feb-2025,Yes,10-Feb-2025,Damaged Product,3,0%,1.0
OL-002265,ORD-2025-01642,16-Feb-2025,C0481,Consumer,Jodhpur,Rajasthan,P101,BrightPage Modern Marketing Playbook,Books,Books,BrightPage,mobile app,Credit Card,2,"₹1,212.61",₹460.56,10%,₹49.00,17-Feb-2025,N,,,0,0%,
OL-002274,ORD-2025-01648,07-Feb-2025,C0819,Consumer,Jaipur,Rajasthan,P101,BrightPage Modern Marketing Playbook,Books,Books,BrightPage,MARKETPLACE,Cash on Delivery,1,"₹1,297.71",₹460.56,25%,₹99.00,11-Feb-2025,Not Returned,,,0,0%,4.0
OL-002275,ORD-2025-01648,07-Feb-2025,C0819,Consumer,Jaipur,Rajasthan,P038,NexCharge Car Phone Mount,Electronics,Mobile Accessories,NexCharge,Marketplace,Cash on Delivery,1,₹663.13,₹340.28,5%,₹79.00,13-Feb-2025,N,,,0,0%,5.0
OL-002276,ORD-2025-01648,07-Feb-2025,C0819,Consumer,Jaipur,Rajasthan,P056,CookCraft Hand Blender,Home & Kitchen,Kitchen,CookCraft,MARKETPLACE,Cash on Delivery,2,"₹12,082.37","₹6,467.93",25%,₹0.00,12-Feb-2025,No,,,0,0%,
OL-002344,ORD-2025-01693,25-Feb-2025,C0593,Consumer,Kochi,Kerala,P086,MoveMax Workout Gloves,Sports,Fitness,MoveMax,Marketplace,UPI,1,"₹3,679.41","₹1,613.19",10%,₹0.00,04-Mar-2025,N,,,0,0%,4.0
OL-002345,ORD-2025-01693,25-Feb-2025,C0593,Consumer,Kochi,Kerala,P025,SonicBay Wireless Earbuds,Electronics,Audio,SonicBay,Marketplace,Upi,1,"₹7,208.96","₹4,853.62",5%,₹0.00,28-Feb-2025,N,,,0,0%,
OL-002346,ORD-2025-01693,25-Feb-2025,C0593,Consumer,Kochi,Kerala,P005,UrbanThread Lightweight Jacket,Fashion,Men's Clothing,UrbanThread,marketplace,UPI,1,"₹1,288.92",₹646.63,0%,₹59.00,05-Mar-2025,Y,25-Mar-2025,Wrong size,1,0%,
OL-002350,ORD-2025-01697,04-Feb-2025,C0725,Consumer,Jabalpur,Madhya Pradesh,P006,UrbanThread Printed Casual Shirt,Fashion,Men's Clothing,UrbanThread,WEBSITE,Debit Card,1,"₹2,887.99","₹1,292.17",15%,₹0.00,06-Feb-2025,No,,,0,0%,
OL-002351,ORD-2025-01697,04-Feb-2025,C0725,Consumer,Jabalpur,Madhya Pradesh,P092,TrailPeak Trekking Pole Set,Sports,Outdoor,TrailPeak,WEBSITE,debit card,1,"₹2,143.34","₹1,345.49",20%,₹79.00,06-Feb-2025,Returned,04-Mar-2025,Wrong size,1,10%,3.0
OL-002381,ORD-2025-01714,02-Feb-2025,C0561,Consumer,Warangal,Telangana,P001,UrbanThread Classic Fit Shirt,Fashion,Men's Clothing,UrbanThread,Marketplace,UPI,1,"₹2,020.27","₹1,197.48",15%,₹79.00,07-Feb-2025,no,,,0,0%,
OL-002390,ORD-2025-01721,01-Feb-2025,C0170,Consumer,New Delhi,Delhi,P014,MiraMode Straight Fit Trousers,Fashion,Women's Clothing,MiraMode,mobile app,Upi,1,"₹2,307.13",₹955.33,0%,₹59.00,04-Feb-2025,No,,,0,0%,4.0
OL-002414,ORD-2025-01736,10-Feb-2025,C0326,Consumer,Hyderabad,Telangana,P059,CasaBloom Memory Foam Pillow,Home & Kitchen,Home Furnishing,CasaBloom,Mobile App,Credit Card,2,"₹1,267.01",₹598.05,20%,₹0.00,12-Feb-2025,No,,,0,0%,5.0
OL-002415,ORD-2025-01736,10-Feb-2025,C0326,Consumer,Hyderabad,Telangana,P079,GlowEase Hair Styling Brush,Beauty,Personal Care,GlowEase,MOBILE APP,Credit Card,3,"₹4,641.92","₹2,198.07",10%,₹0.00,15-Feb-2025,no,,,0,0%,
OL-002418,ORD-2025-01738,08-Feb-2025,C0111,Consumer,Ahmedabad,Gujarat,P046,PixelNest Smart Plug Pack,Electronics,Smart Devices,PixelNest,Mobile App,credit card,1,"₹10,157.24","₹7,571.95",0%,₹0.00,09-Feb-2025,Returned,11-Feb-2025,wrong item,1,0%,1.0
OL-002483,ORD-2025-01784,22-Feb-2025,C0410,Corporate,Nashik,Maharashtra,P010,AuraStyle High Rise Jeans,Fashion,Women's Clothing,AuraStyle,Website,Debit Card,2,"₹1,607.76",₹619.70,0%,₹0.00,25-Feb-2025,N,,,0,0%,
OL-002497,ORD-2025-01795,15-Feb-2025,C0263,Consumer,Jabalpur,Madhya Pradesh,P046,PixelNest Smart Plug Pack,Electronics,Smart Devices,PixelNest,mobile app,UPI,1,"₹10,484.00","₹7,571.95",0%,₹0.00,20-Feb-2025,No,,,0,0%,3.0
OL-002498,ORD-2025-01795,15-Feb-2025,C0263,Consumer,Jabalpur,Madhya Pradesh,P003,UrbanThread Cotton Polo T-Shirt,Fashion,Men's Clothing,UrbanThread,Mobile App,Upi,1,"₹1,912.56","₹1,128.89",15%,₹99.00,20-Feb-2025,Not Returned,,,0,0%,
OL-002518,ORD-2025-01810,25-Feb-2025,C0199,Consumer,Bengaluru,Karnataka,P103,InsightPress SQL Practice Workbook,Books,Books,InsightPress,Marketplace,WALLET,1,₹900.00,₹330.48,10%,₹99.00,03-Mar-2025,no,,,0,0%,
OL-002522,ORD-2025-01813,02-Feb-2025,C0745,Home Office,Bengaluru,Karnataka,P026,SonicBay Bluetooth Speaker,Electronics,Audio,SonicBay,Website,Debit Card,1,"₹7,751.16","₹5,106.31",5%,₹0.00,06-Feb-2025,No,,,0,0%,4.0
OL-002523,ORD-2025-01813,02-Feb-2025,C0745,Home Office,Bengaluru,Karnataka,P028,SonicBay Soundbar Mini,Electronics,Audio,SonicBay,Website,Debit Card,1,"₹11,621.52","₹7,220.21",10%,₹0.00,04-Feb-2025,No,,,0,0%,
OL-002557,ORD-2025-01840,26-Feb-2025,C0842,Corporate,Amritsar,Punjab,P098,BrightPage Personal Finance Basics,Books,Books,BrightPage,mobile app,DEBIT CARD,1,"₹1,273.50",₹379.22,15%,₹99.00,03-Mar-2025,N,,,0,0%,4.0
OL-002568,ORD-2025-01849,14-Feb-2025,C0646,Consumer,Indore,Madhya Pradesh,P052,CookCraft Storage Container Set,Home & Kitchen,Kitchen,CookCraft,MARKETPLACE,credit card,4,"₹4,500.56","₹2,633.10",10%,₹0.00,17-Feb-2025,Not Returned,,,0,0%,
OL-002570,ORD-2025-01851,17-Feb-2025,C0313,Consumer,New Delhi,Delhi,P093,AeroCamp Cycling Helmet,Sports,Outdoor,AeroCamp,mobile app,Debit Card,1,"₹3,689.42","₹2,203.61",5%,₹0.00,22-Feb-2025,Returned,06-Mar-2025,quality issue,1,0%,5.0
OL-002573,ORD-2025-01853,12-Feb-2025,C0239,Consumer,Surat,Gujarat,P065,DermaNest Vitamin C Serum,Beauty,Skin Care,DermaNest,mobile app,Upi,1,"₹1,742.56",₹646.29,15%,₹59.00,16-Feb-2025,No,,,0,0%,
OL-002597,ORD-2025-01870,12-Feb-2025,C0017,Consumer,Mysuru,Karnataka,P032,SonicBay Studio Headphones,Electronics,Audio,SonicBay,Mobile App,credit card,1,"₹1,503.05","₹1,085.23",15%,₹49.00,17-Feb-2025,N,,,0,0%,
OL-002615,ORD-2025-01882,11-Feb-2025,C0316,Consumer,Warangal,Telangana,P032,SonicBay Studio Headphones,Electronics,Audio,SonicBay,Mobile App,UPI,1,"₹1,469.38","₹1,085.23",10%,₹39.00,14-Feb-2025,No,,,0,0%,5.0
OL-002616,ORD-2025-01882,11-Feb-2025,C0316,Consumer,Warangal,Telangana,P071,DermaNest Clay Face Mask,Beauty,Skin Care,DermaNest,Mobile App,UPI,1,₹854.87,₹349.54,25%,₹49.00,13-Feb-2025,No,,,0,0%,
OL-002617,ORD-2025-01883,09-Feb-2025,C0836,Home Office,New Delhi,Delhi,P058,NestLoom Blackout Curtains,Home & Kitchen,Home Furnishing,NestLoom,mobile app,upi,2,"₹4,522.13","₹2,429.60",10%,₹0.00,13-Feb-2025,N,,,0,0%,4.0
OL-002675,ORD-2025-01930,17-Feb-2025,C0234,Consumer,Kozhikode,Kerala,P061,CasaBloom Decorative Cushion Set,Home & Kitchen,Home Furnishing,CasaBloom,MOBILE APP,Upi,4,"₹5,124.06","₹2,867.87",15%,₹0.00,19-Feb-2025,Not Returned,,,0,0%,5.0
OL-002683,ORD-2025-01938,07-Feb-2025,C0292,Consumer,Jabalpur,Madhya Pradesh,P031,VoltAudio Neckband Earphones,Electronics,Audio,VoltAudio,Mobile App,Credit Card,1,"₹5,788.36","₹3,467.28",20%,₹0.00,10-Feb-2025,Y,14-Feb-2025,damaged product,1,0%,
OL-002748,ORD-2025-01980,12-Feb-2025,C0163,Corporate,Coimbatore,Tamil Nadu,P086,MoveMax Workout Gloves,Sports,Fitness,MoveMax,website,Debit Card,1,"₹3,923.86","₹1,613.19",0%,₹0.00,16-Feb-2025,no,,,0,0%,4.0
OL-002749,ORD-2025-01980,12-Feb-2025,C0163,Corporate,Coimbatore,Tamil Nadu,P099,InsightPress Business Storytelling,Books,Books,InsightPress,Website,Debit Card,1,"₹1,066.61",₹450.46,10%,₹99.00,15-Feb-2025,N,,,0,0%,
OL-002756,ORD-2025-01985,16-Feb-2025,C0580,Corporate,Indore,Madhya Pradesh,P097,SkillLeaf Data Analytics Handbook,Books,Books,SkillLeaf,Website,Debit Card,1,₹676.54,₹249.11,10%,₹39.00,22-Feb-2025,Not Returned,,,0,0%,
OL-002768,ORD-2025-01994,25-Feb-2025,C0022,Consumer,Indore,Madhya Pradesh,P050,KitchenRoot Mixer Grinder,Home & Kitchen,Kitchen,KitchenRoot,mobile app,upi,1,"₹3,145.17","₹2,042.70",10%,₹0.00,26-Feb-2025,no,,,0,0%,
OL-002776,ORD-2025-02000,18-Feb-2025,C0792,Corporate,Amritsar,Punjab,P018,StrideX Casual Loafers,Fashion,Footwear,StrideX,MOBILE APP,cash on delivery,2,"₹3,353.38","₹1,816.29",20%,₹0.00,21-Feb-2025,N,,,0,0%,
OL-002787,ORD-2025-02010,28-Feb-2025,C0359,Home Office,Hyderabad,Telangana,P027,PulseTech Over-Ear Headphones,Electronics,Audio,PulseTech,WEBSITE,Debit Card,2,"₹12,583.41","₹8,206.05",5%,₹0.00,06-Mar-2025,No,,,0,0%,3.0
OL-002788,ORD-2025-02010,28-Feb-2025,C0359,Home Office,Hyderabad,Telangana,P008,NorthLane Everyday Crew T-Shirt,Fashion,Men's Clothing,NorthLane,Website,DEBIT CARD,1,"₹2,637.54","₹1,327.12",5%,₹0.00,05-Mar-2025,N,,,0,0%,4.0
OL-002792,ORD-2025-02014,25-Feb-2025,C0670,Consumer,Thiruvananthapuram,Kerala,P103,InsightPress SQL Practice Workbook,Books,Books,InsightPress,MARKETPLACE,Upi,1,₹901.09,₹330.48,10%,₹99.00,05-Mar-2025,N,,,0,0%,5.0
OL-002793,ORD-2025-02014,25-Feb-2025,C0670,Consumer,Thiruvananthapuram,Kerala,P004,UrbanThread Casual Chinos,Fashion,Men's Clothing,UrbanThread,Marketplace,UPI,1,"₹2,395.76","₹1,378.10",0%,₹39.00,05-Mar-2025,Y,17-Mar-2025,changed mind,1,10%,
OL-002808,ORD-2025-02024,16-Feb-2025,C0467,Consumer,Siliguri,West Bengal,P005,UrbanThread Lightweight Jacket,Fashion,Men's Clothing,UrbanThread,Website,Cash on Delivery,1,"₹1,224.26",₹646.63,20%,₹49.00,18-Feb-2025,Returned,06-Mar-2025,Wrong item,1,0%,2.0
OL-002842,ORD-2025-02049,21-Feb-2025,C0334,Corporate,Bengaluru,Karnataka,P086,MoveMax Workout Gloves,Sports,Fitness,MoveMax,Offline Store,UPI,1,"₹4,072.78","₹1,613.19",10%,₹0.00,23-Feb-2025,No,,,0,0%,
OL-002860,ORD-2025-02063,12-Feb-2025,C0801,Consumer,Warangal,Telangana,P032,SonicBay Studio Headphones,Electronics,Audio,SonicBay,website,UPI,1,"₹1,501.95","₹1,085.23",15%,₹49.00,14-Feb-2025,Not Returned,,,0,0%,
OL-002873,ORD-2025-02073,02-Feb-2025,C0141,Consumer,Hyderabad,Telangana,P082,MoveMax Resistance Band Set,Sports,Fitness,MoveMax,Marketplace,UPI,4,"₹1,181.33",₹571.97,20%,₹0.00,10-Feb-2025,no,,,0,0%,
OL-002874,ORD-2025-02073,02-Feb-2025,C0141,Consumer,Hyderabad,Telangana,P063,NestLoom Lightweight Comforter,Home & Kitchen,Home Furnishing,NestLoom,marketplace,upi,1,"₹1,241.11",₹465.94,10%,₹79.00,06-Feb-2025,No,,,0,0%,5.0
OL-002875,ORD-2025-02073,02-Feb-2025,C0141,Consumer,Hyderabad,Telangana,P039,ConnectPro Screen Protector Pack,Electronics,Mobile Accessories,ConnectPro,marketplace,Upi,2,"₹2,887.59","₹1,872.80",10%,₹0.00,06-Feb-2025,No,,,0,0%,5.0
OL-002905,ORD-2025-02099,16-Feb-2025,C0497,Home Office,Madurai,Tamil Nadu,P040,VoltEdge Travel Adapter,Electronics,Mobile Accessories,VoltEdge,Mobile App,Upi,2,₹812.33,₹555.01,20%,₹39.00,18-Feb-2025,N,,,0,0%,4.0
OL-002907,ORD-2025-02101,09-Feb-2025,C0643,Corporate,New Delhi,Delhi,P014,MiraMode Straight Fit Trousers,Fashion,Women's Clothing,MiraMode,marketplace,Upi,2,"₹2,189.72",₹955.33,0%,₹0.00,15-Feb-2025,N,,,0,0%,
OL-002908,ORD-2025-02101,09-Feb-2025,C0643,Corporate,New Delhi,Delhi,P011,MiraMode Cotton Kurta Set,Fashion,Women's Clothing,MiraMode,MARKETPLACE,UPI,1,"₹4,023.36","₹1,679.04",0%,₹0.00,13-Feb-2025,Not Returned,,,0,0%,
OL-002938,ORD-2025-02121,02-Feb-2025,C0523,Consumer,Thiruvananthapuram,Kerala,P029,SonicBay Gaming Headset,Electronics,Audio,SonicBay,Marketplace,Cash on Delivery,1,"₹9,500.97","₹6,260.57",15%,₹0.00,08-Feb-2025,Not Returned,,,0,0%,
OL-002939,ORD-2025-02121,02-Feb-2025,C0523,Consumer,Thiruvananthapuram,Kerala,P047,HomeSync Digital Photo Frame,Electronics,Smart Devices,HomeSync,marketplace,cash on delivery,1,"₹3,025.03","₹1,997.47",15%,₹0.00,09-Feb-2025,Returned,06-Mar-2025,Defective Product,1,0%,
OL-002940,ORD-2025-02122,21-Feb-2025,C0693,Corporate,Vadodara,Gujarat,P012,AuraStyle Casual Top,Fashion,Women's Clothing,AuraStyle,website,UPI,1,"₹2,583.40","₹1,247.93",5%,₹0.00,25-Feb-2025,no,,,0,0%,4.0
OL-002973,ORD-2025-02148,01-Feb-2025,C0572,Consumer,Amritsar,Punjab,P099,InsightPress Business Storytelling,Books,Books,InsightPress,WEBSITE,credit card,2,"₹1,059.46",₹450.46,0%,₹79.00,04-Feb-2025,N,,,0,0%,5.0
OL-002974,ORD-2025-02148,01-Feb-2025,C0572,Consumer,Amritsar,Punjab,P045,PixelNest Streaming Stick,Electronics,Smart Devices,PixelNest,Website,Credit Card,3,"₹5,650.13","₹4,170.85",10%,₹0.00,03-Feb-2025,No,,,0,0%,
OL-002999,ORD-2025-02169,07-Feb-2025,C0308,Consumer,Chandigarh,Punjab,P080,GlowEase Body Care Gift Set,Beauty,Personal Care,GlowEase,Marketplace,Cash on Delivery,1,"₹6,118.38","₹3,698.48",5%,₹0.00,15-Feb-2025,No,,,0,0%,5.0
OL-003000,ORD-2025-02170,24-Feb-2025,C0207,Consumer,Noida,Uttar Pradesh,P021,FootNest Block Heel Sandals,Fashion,Footwear,FootNest,Mobile App,wallet,1,"₹4,393.46","₹2,846.55",0%,₹0.00,27-Feb-2025,No,,,0,0%,
OL-003014,ORD-2025-02179,09-Feb-2025,C0427,Consumer,Chandigarh,Punjab,P011,MiraMode Cotton Kurta Set,Fashion,Women's Clothing,MiraMode,marketplace,upi,1,"₹3,672.43","₹1,679.04",20%,₹0.00,14-Feb-2025,no,,,0,0%,
OL-003052,ORD-2025-02203,07-Feb-2025,C0581,Consumer,Surat,Gujarat,P019,AeroStep Walking Shoes,Fashion,Footwear,AeroStep,Website,Upi,4,"₹1,052.28",₹531.47,25%,₹0.00,09-Feb-2025,Not Returned,,,0,0%,
OL-003053,ORD-2025-02203,07-Feb-2025,C0581,Consumer,Surat,Gujarat,P051,KitchenRoot Electric Kettle,Home & Kitchen,Kitchen,KitchenRoot,Website,UPI,2,"₹6,873.07","₹4,395.70",10%,₹0.00,11-Feb-2025,no,,,0,0%,
OL-003064,ORD-2025-02211,03-Feb-2025,C0743,Consumer,Hyderabad,Telangana,P015,MiraMode Printed Maxi Dress,Fashion,Women's Clothing,MiraMode,Offline Store,Upi,3,"₹3,807.02","₹2,122.23",15%,₹0.00,05-Feb-2025,Not Returned,,,0,0%,4.0
OL-003097,ORD-2025-02234,09-Feb-2025,C0536,Consumer,Warangal,Telangana,P100,SkillLeaf The Productivity System,Books,Books,SkillLeaf,Offline Store,Credit Card,2,₹555.70,₹247.93,15%,₹0.00,09-Feb-2025,Returned,16-Feb-2025,Wrong item,2,5%,1.0
OL-003098,ORD-2025-02234,09-Feb-2025,C0536,Consumer,Warangal,Telangana,P038,NexCharge Car Phone Mount,Electronics,Mobile Accessories,NexCharge,offline store,Credit Card,1,₹642.92,₹340.28,0%,₹0.00,09-Feb-2025,Y,16-Feb-2025,late delivery,1,0%,1.0
OL-003099,ORD-2025-02235,03-Feb-2025,C0394,Home Office,New Delhi,Delhi,P091,TrailPeak Camping Lantern,Sports,Outdoor,TrailPeak,Offline Store,CREDIT CARD,1,"₹3,663.56","₹2,114.07",10%,₹0.00,03-Feb-2025,No,,,0,0%,3.0
OL-003186,ORD-2025-02296,21-Feb-2025,C0139,Consumer,Coimbatore,Tamil Nadu,P047,HomeSync Digital Photo Frame,Electronics,Smart Devices,HomeSync,website,COD,1,"₹3,181.04","₹1,997.47",5%,₹0.00,26-Feb-2025,N,,,0,0%,
OL-003236,ORD-2025-02339,26-Feb-2025,C0480,Corporate,Siliguri,West Bengal,P094,AeroCamp Picnic Mat,Sports,Outdoor,AeroCamp,Website,upi,2,"₹1,929.92","₹1,160.08",0%,₹0.00,02-Mar-2025,no,,,0,0%,
OL-003237,ORD-2025-02339,26-Feb-2025,C0480,Corporate,Siliguri,West Bengal,P016,VelvetLeaf Everyday Leggings,Fashion,Women's Clothing,VelvetLeaf,website,UPI,1,"₹2,552.63","₹1,495.61",20%,₹0.00,03-Mar-2025,Not Returned,,,0,0%,4.0
OL-003239,ORD-2025-02341,22-Feb-2025,C0531,Consumer,Hyderabad,Telangana,P002,NorthLane Slim Fit Jeans,Fashion,Men's Clothing,NorthLane,MOBILE APP,upi,2,"₹1,080.50",₹591.59,10%,₹79.00,25-Feb-2025,Yes,16-Mar-2025,product not as expected,2,10%,
OL-003254,ORD-2025-02352,27-Feb-2025,C0201,Consumer,Jabalpur,Madhya Pradesh,P075,GroomLab Hair Straightener,Beauty,Personal Care,GroomLab,Marketplace,Upi,1,"₹3,467.97","₹1,901.20",10%,₹0.00,03-Mar-2025,No,,,0,0%,
OL-003266,ORD-2025-02360,27-Feb-2025,C0798,Consumer,Siliguri,West Bengal,P072,BloomSkin Lip Care Combo,Beauty,Skin Care,BloomSkin,Marketplace,Cash on Delivery,1,"₹1,567.65",₹648.65,10%,₹59.00,04-Mar-2025,no,,,0,0%,4.0
OL-003291,ORD-2025-02381,18-Feb-2025,C0154,Corporate,Surat,Gujarat,P082,MoveMax Resistance Band Set,Sports,Fitness,MoveMax,WEBSITE,Credit Card,1,"₹1,206.96",₹571.97,15%,₹49.00,23-Feb-2025,Not Returned,,,0,0%,
OL-003292,ORD-2025-02381,18-Feb-2025,C0154,Corporate,Surat,Gujarat,P019,AeroStep Walking Shoes,Fashion,Footwear,AeroStep,WEBSITE,Credit Card,1,"₹1,112.04",₹531.47,10%,₹99.00,21-Feb-2025,Yes,01-Mar-2025,Late Delivery,1,0%,
OL-003293,ORD-2025-02381,18-Feb-2025,C0154,Corporate,Surat,Gujarat,P039,ConnectPro Screen Protector Pack,Electronics,Mobile Accessories,ConnectPro,website,CREDIT CARD,2,"₹2,968.21","₹1,872.80",5%,₹0.00,21-Feb-2025,No,,,0,0%,
OL-003295,ORD-2025-02383,24-Feb-2025,C0292,Consumer,Jabalpur,Madhya Pradesh,P022,AeroStep Training Shoes,Fashion,Footwear,AeroStep,Website,DEBIT CARD,1,"₹4,676.83","₹2,516.74",0%,₹0.00,02-Mar-2025,N,,,0,0%,5.0
OL-003296,ORD-2025-02383,24-Feb-2025,C0292,Consumer,Jabalpur,Madhya Pradesh,P008,NorthLane Everyday Crew T-Shirt,Fashion,Men's Clothing,NorthLane,Website,debit card,2,"₹2,904.26","₹1,327.12",20%,₹0.00,02-Mar-2025,N,,,0,0%,5.0
OL-003306,ORD-2025-02393,23-Feb-2025,C0760,Consumer,Bengaluru,Karnataka,P039,ConnectPro Screen Protector Pack,Electronics,Mobile Accessories,ConnectPro,Marketplace,Credit Card,1,"₹3,046.02","₹1,872.80",0%,₹0.00,28-Feb-2025,no,,,0,0%,
OL-003315,ORD-2025-02400,11-Feb-2025,C0237,Consumer,Indore,Madhya Pradesh,P012,AuraStyle Casual Top,Fashion,Women's Clothing,AuraStyle,mobile app,UPI,1,"₹2,364.23","₹1,247.93",5%,₹99.00,14-Feb-2025,N,,,0,0%,
OL-003318,ORD-2025-02403,28-Feb-2025,C0552,Consumer,Noida,Uttar Pradesh,P064,CasaBloom Table Runner Set,Home & Kitchen,Home Furnishing,CasaBloom,website,debit card,2,"₹2,819.35","₹1,522.07",20%,₹0.00,03-Mar-2025,N,,,0,0%,
OL-003330,ORD-2025-02410,26-Feb-2025,C0413,Consumer,Nagpur,Maharashtra,P039,ConnectPro Screen Protector Pack,Electronics,Mobile Accessories,ConnectPro,Website,UPI,3,"₹2,750.42","₹1,872.80",0%,₹0.00,01-Mar-2025,N,,,0,0%,
OL-003353,ORD-2025-02426,09-Feb-2025,C0822,Consumer,Coimbatore,Tamil Nadu,P034,ConnectPro Power Bank 20000mAh,Electronics,Mobile Accessories,ConnectPro,marketplace,Debit Card,1,"₹3,060.22","₹1,560.52",15%,₹0.00,17-Feb-2025,No,,,0,0%,5.0
OL-003372,ORD-2025-02440,19-Feb-2025,C0528,Consumer,Noida,Uttar Pradesh,P015,MiraMode Printed Maxi Dress,Fashion,Women's Clothing,MiraMode,WEBSITE,cash on delivery,1,"₹3,873.05","₹2,122.23",20%,₹0.00,25-Feb-2025,no,,,0,0%,
OL-003373,ORD-2025-02441,20-Feb-2025,C0487,Corporate,Jabalpur,Madhya Pradesh,P066,DermaNest Hydrating Face Wash,Beauty,Skin Care,DermaNest,Website,upi,1,"₹2,458.23","₹1,186.47",25%,₹79.00,25-Feb-2025,No,,,0,0%,
OL-003384,ORD-2025-02449,02-Feb-2025,C0737,Consumer,Jabalpur,Madhya Pradesh,P085,FitForge Foam Roller,Sports,Fitness,FitForge,Offline Store,DEBIT CARD,2,"₹3,270.63","₹1,433.02",0%,₹0.00,02-Feb-2025,No,,,0,0%,5.0
OL-003385,ORD-2025-02450,16-Feb-2025,C0176,Consumer,Mangaluru,Karnataka,P022,AeroStep Training Shoes,Fashion,Footwear,AeroStep,Marketplace,Debit Card,1,"₹4,479.20","₹2,516.74",5%,₹0.00,21-Feb-2025,Not Returned,,,0,0%,
OL-003396,ORD-2025-02459,20-Feb-2025,C0316,Consumer,Warangal,Telangana,P018,StrideX Casual Loafers,Fashion,Footwear,StrideX,offline store,DEBIT CARD,2,"₹3,270.32","₹1,816.29",5%,₹0.00,22-Feb-2025,no,,,0,0%,5.0
OL-003441,ORD-2025-02494,22-Feb-2025,C0400,Corporate,Coimbatore,Tamil Nadu,P070,PureGlow Body Lotion,Beauty,Skin Care,PureGlow,Marketplace,WALLET,1,"₹2,286.05",₹835.56,20%,₹59.00,28-Feb-2025,no,,,0,0%,3.0
OL-003453,ORD-2025-02505,13-Feb-2025,C0847,Corporate,Bhopal,Madhya Pradesh,P010,AuraStyle High Rise Jeans,Fashion,Women's Clothing,AuraStyle,WEBSITE,Debit Card,2,"₹1,557.37",₹619.70,0%,₹0.00,19-Feb-2025,No,,,0,0%,5.0
OL-003483,ORD-2025-02524,16-Feb-2025,C0279,Consumer,New Delhi,Delhi,P075,GroomLab Hair Straightener,Beauty,Personal Care,GroomLab,website,credit card,1,"₹3,412.20","₹1,901.20",5%,₹0.00,18-Feb-2025,No,,,0,0%,3.0
OL-003497,ORD-2025-02536,09-Feb-2025,C0050,Corporate,Vadodara,Gujarat,P015,MiraMode Printed Maxi Dress,Fashion,Women's Clothing,MiraMode,Website,Cash on Delivery,1,"₹3,591.38","₹2,122.23",10%,₹0.00,11-Feb-2025,No,,,0,0%,
OL-003498,ORD-2025-02536,09-Feb-2025,C0050,Corporate,Vadodara,Gujarat,P075,GroomLab Hair Straightener,Beauty,Personal Care,GroomLab,website,cash on delivery,1,"₹3,407.83","₹1,901.20",15%,₹0.00,12-Feb-2025,Not Returned,,,0,0%,4.0
OL-003501,ORD-2025-02538,12-Feb-2025,C0080,Consumer,New Delhi,Delhi,P039,ConnectPro Screen Protector Pack,Electronics,Mobile Accessories,ConnectPro,website,upi,1,"₹3,026.22","₹1,872.80",25%,₹0.00,17-Feb-2025,Not Returned,,,0,0%,4.0
OL-003560,ORD-2025-02583,05-Feb-2025,C0159,Corporate,Mangaluru,Karnataka,P053,KitchenRoot Air Fryer,Home & Kitchen,Kitchen,KitchenRoot,Website,CREDIT CARD,1,"₹9,803.16","₹5,632.33",10%,₹0.00,10-Feb-2025,Not Returned,,,0,0%,3.0
OL-003561,ORD-2025-02583,05-Feb-2025,C0159,Corporate,Mangaluru,Karnataka,P045,PixelNest Streaming Stick,Electronics,Smart Devices,PixelNest,website,CREDIT CARD,1,"₹5,370.87","₹4,170.85",5%,₹0.00,08-Feb-2025,Returned,09-Feb-2025,Late Delivery,1,0%,2.0
OL-003581,ORD-2025-02595,20-Feb-2025,C0641,Corporate,Kochi,Kerala,P055,CookCraft Induction Cooktop,Home & Kitchen,Kitchen,CookCraft,OFFLINE STORE,credit card,1,"₹9,887.53","₹5,775.47",15%,₹0.00,21-Feb-2025,N,,,0,0%,
OL-003585,ORD-2025-02599,20-Feb-2025,C0392,Home Office,Jaipur,Rajasthan,P020,FootNest Flat Sandals,Fashion,Footwear,FootNest,MARKETPLACE,CREDIT CARD,1,"₹2,370.17","₹1,191.67",15%,₹49.00,23-Feb-2025,No,,,0,0%,
OL-003589,ORD-2025-02602,24-Feb-2025,C0603,Corporate,Chandigarh,Punjab,P033,VoltEdge Fast Charging Adapter,Electronics,Mobile Accessories,VoltEdge,MARKETPLACE,COD,2,"₹3,283.63","₹1,702.67",20%,₹0.00,27-Feb-2025,Yes,19-Mar-2025,Defective Product,2,0%,3.0
OL-003633,ORD-2025-02634,27-Feb-2025,C0832,Consumer,Jodhpur,Rajasthan,P001,UrbanThread Classic Fit Shirt,Fashion,Men's Clothing,UrbanThread,Marketplace,Credit Card,1,"₹2,158.59","₹1,197.48",10%,₹99.00,03-Mar-2025,No,,,0,0%,
OL-003658,ORD-2025-02653,18-Feb-2025,C0586,Home Office,Siliguri,West Bengal,P050,KitchenRoot Mixer Grinder,Home & Kitchen,Kitchen,KitchenRoot,Mobile App,Wallet,1,"₹3,230.08","₹2,042.70",10%,₹0.00,20-Feb-2025,no,,,0,0%,
OL-003659,ORD-2025-02653,18-Feb-2025,C0586,Home Office,Siliguri,West Bengal,P082,MoveMax Resistance Band Set,Sports,Fitness,MoveMax,Mobile App,WALLET,1,"₹1,214.45",₹571.97,0%,₹99.00,21-Feb-2025,N,,,0,0%,
OL-003714,ORD-2025-02690,14-Feb-2025,C0841,Corporate,Mangaluru,Karnataka,P027,PulseTech Over-Ear Headphones,Electronics,Audio,PulseTech,Marketplace,Upi,1,"₹12,321.87","₹8,206.05",0%,₹0.00,22-Feb-2025,N,,,0,0%,4.0
OL-003715,ORD-2025-02691,13-Feb-2025,C0726,Corporate,Mysuru,Karnataka,P052,CookCraft Storage Container Set,Home & Kitchen,Kitchen,CookCraft,Website,Credit Card,1,"₹4,721.56","₹2,633.10",5%,₹0.00,15-Feb-2025,N,,,0,0%,
OL-003734,ORD-2025-02704,20-Feb-2025,C0083,Consumer,Hyderabad,Telangana,P007,CivicWear Stretch Denim Jeans,Fashion,Men's Clothing,CivicWear,marketplace,upi,1,"₹3,360.07","₹1,748.24",10%,₹0.00,27-Feb-2025,N,,,0,0%,
OL-003735,ORD-2025-02705,01-Feb-2025,C0377,Consumer,Indore,Madhya Pradesh,P025,SonicBay Wireless Earbuds,Electronics,Audio,SonicBay,Website,upi,2,"₹7,160.31","₹4,853.62",5%,₹0.00,07-Feb-2025,no,,,0,0%,4.0
OL-003736,ORD-2025-02705,01-Feb-2025,C0377,Consumer,Indore,Madhya Pradesh,P094,AeroCamp Picnic Mat,Sports,Outdoor,AeroCamp,Website,upi,2,"₹1,811.01","₹1,160.08",20%,₹0.00,07-Feb-2025,No,,,0,0%,4.0
OL-003737,ORD-2025-02705,01-Feb-2025,C0377,Consumer,Indore,Madhya Pradesh,P097,SkillLeaf Data Analytics Handbook,Books,Books,SkillLeaf,WEBSITE,upi,4,₹658.18,₹249.11,15%,₹0.00,06-Feb-2025,no,,,0,0%,5.0
OL-003758,ORD-2025-02723,01-Feb-2025,C0669,Consumer,Thiruvananthapuram,Kerala,P034,ConnectPro Power Bank 20000mAh,Electronics,Mobile Accessories,ConnectPro,website,UPI,2,"₹3,109.84","₹1,560.52",10%,₹0.00,05-Feb-2025,Returned,23-Feb-2025,Damaged Product,2,0%,2.0
OL-003759,ORD-2025-02723,01-Feb-2025,C0669,Consumer,Thiruvananthapuram,Kerala,P092,TrailPeak Trekking Pole Set,Sports,Outdoor,TrailPeak,WEBSITE,UPI,1,"₹2,222.58","₹1,345.49",20%,₹49.00,03-Feb-2025,N,,,0,0%,
OL-003760,ORD-2025-02723,01-Feb-2025,C0669,Consumer,Thiruvananthapuram,Kerala,P033,VoltEdge Fast Charging Adapter,Electronics,Mobile Accessories,VoltEdge,WEBSITE,UPI,2,"₹3,327.85","₹1,702.67",0%,₹0.00,06-Feb-2025,yes,23-Feb-2025,Product Not as Expected,2,5%,5.0
OL-003783,ORD-2025-02740,22-Feb-2025,C0654,Consumer,Ludhiana,Punjab,P070,PureGlow Body Lotion,Beauty,Skin Care,PureGlow,offline store,UPI,2,"₹2,296.16",₹835.56,15%,₹0.00,22-Feb-2025,N,,,0,0%,5.0
OL-003802,ORD-2025-02754,27-Feb-2025,C0435,Corporate,Vadodara,Gujarat,P071,DermaNest Clay Face Mask,Beauty,Skin Care,DermaNest,mobile app,credit card,4,₹874.95,₹349.54,0%,₹0.00,28-Feb-2025,N,,,0,0%,
OL-003817,ORD-2025-02761,06-Feb-2025,C0773,Consumer,New Delhi,Delhi,P020,FootNest Flat Sandals,Fashion,Footwear,FootNest,Website,upi,1,"₹2,328.40","₹1,191.67",20%,₹79.00,11-Feb-2025,no,,,0,0%,5.0
OL-003818,ORD-2025-02761,06-Feb-2025,C0773,Consumer,New Delhi,Delhi,P061,CasaBloom Decorative Cushion Set,Home & Kitchen,Home Furnishing,CasaBloom,Website,UPI,1,"₹4,759.34","₹2,867.87",25%,₹0.00,12-Feb-2025,No,,,0,0%,
OL-003826,ORD-2025-02768,13-Feb-2025,C0447,Consumer,New Delhi,Delhi,P020,FootNest Flat Sandals,Fashion,Footwear,FootNest,website,Credit Card,1,"₹2,449.90","₹1,191.67",10%,₹79.00,15-Feb-2025,N,,,0,0%,
OL-003850,ORD-2025-02785,24-Feb-2025,C0380,Consumer,New Delhi,Delhi,P075,GroomLab Hair Straightener,Beauty,Personal Care,GroomLab,Website,Cash on Delivery,1,"₹3,435.21","₹1,901.20",15%,₹0.00,28-Feb-2025,Not Returned,,,0,0%,
OL-003851,ORD-2025-02785,24-Feb-2025,C0380,Consumer,New Delhi,Delhi,P104,SkillLeaf Power BI Project Guide,Books,Books,SkillLeaf,WEBSITE,COD,1,"₹1,167.09",₹474.23,20%,₹59.00,01-Mar-2025,yes,06-Mar-2025,wrong item,1,0%,
OL-003949,ORD-2025-02852,26-Feb-2025,C0416,Consumer,Jabalpur,Madhya Pradesh,P032,SonicBay Studio Headphones,Electronics,Audio,SonicBay,Mobile App,upi,2,"₹1,412.63","₹1,085.23",0%,₹0.00,03-Mar-2025,No,,,0,0%,4.0
OL-003954,ORD-2025-02856,21-Feb-2025,C0384,Consumer,Coimbatore,Tamil Nadu,P057,NestLoom Bedsheet Set,Home & Kitchen,Home Furnishing,NestLoom,MOBILE APP,DEBIT CARD,1,"₹3,688.62","₹1,790.83",10%,₹0.00,23-Feb-2025,No,,,0,0%,
OL-003979,ORD-2025-02877,13-Feb-2025,C0383,Corporate,Surat,Gujarat,P014,MiraMode Straight Fit Trousers,Fashion,Women's Clothing,MiraMode,Mobile App,upi,2,"₹2,372.27",₹955.33,5%,₹0.00,17-Feb-2025,Y,17-Mar-2025,quality issue,2,0%,
OL-004011,ORD-2025-02900,15-Feb-2025,C0297,Consumer,Warangal,Telangana,P040,VoltEdge Travel Adapter,Electronics,Mobile Accessories,VoltEdge,Mobile App,Credit Card,3,₹881.39,₹555.01,10%,₹0.00,17-Feb-2025,Yes,02-Mar-2025,Damaged Product,3,0%,2.0
OL-004037,ORD-2025-02917,03-Feb-2025,C0824,Corporate,Jaipur,Rajasthan,P061,CasaBloom Decorative Cushion Set,Home & Kitchen,Home Furnishing,CasaBloom,WEBSITE,Debit Card,1,"₹4,939.46","₹2,867.87",20%,₹0.00,09-Feb-2025,No,,,0,0%,5.0
OL-004047,ORD-2025-02926,22-Feb-2025,C0605,Consumer,Chennai,Tamil Nadu,P045,PixelNest Streaming Stick,Electronics,Smart Devices,PixelNest,marketplace,DEBIT CARD,1,"₹5,100.54","₹4,170.85",15%,₹0.00,28-Feb-2025,No,,,0,0%,4.0
OL-004083,ORD-2025-02949,27-Feb-2025,C0361,Home Office,Indore,Madhya Pradesh,P014,MiraMode Straight Fit Trousers,Fashion,Women's Clothing,MiraMode,MARKETPLACE,Upi,2,"₹2,150.30",₹955.33,20%,₹0.00,04-Mar-2025,Not Returned,,,0,0%,
OL-004084,ORD-2025-02949,27-Feb-2025,C0361,Home Office,Indore,Madhya Pradesh,P057,NestLoom Bedsheet Set,Home & Kitchen,Home Furnishing,NestLoom,Marketplace,Upi,4,"₹3,444.44","₹1,790.83",5%,₹0.00,07-Mar-2025,N,,,0,0%,4.0
OL-004097,ORD-2025-02962,25-Feb-2025,C0590,Consumer,Warangal,Telangana,P017,StrideX Running Sneakers,Fashion,Footwear,StrideX,WEBSITE,net banking,1,"₹4,439.28","₹2,445.58",0%,₹0.00,01-Mar-2025,no,,,0,0%,
OL-004107,ORD-2025-02969,04-Feb-2025,C0691,Home Office,Thiruvananthapuram,Kerala,P099,InsightPress Business Storytelling,Books,Books,InsightPress,MOBILE APP,UPI,1,"₹1,165.19",₹450.46,15%,₹49.00,08-Feb-2025,No,,,0,0%,4.0
OL-004138,ORD-2025-02992,16-Feb-2025,C0693,Corporate,Vadodara,Gujarat,P053,KitchenRoot Air Fryer,Home & Kitchen,Kitchen,KitchenRoot,marketplace,COD,1,"₹9,886.29","₹5,632.33",0%,₹0.00,23-Feb-2025,no,,,0,0%,4.0
OL-004167,ORD-2025-03016,14-Feb-2025,C0321,Consumer,Bhopal,Madhya Pradesh,P100,SkillLeaf The Productivity System,Books,Books,SkillLeaf,Mobile App,credit card,1,₹562.45,₹247.93,10%,₹59.00,18-Feb-2025,no,,,0,0%,5.0
OL-004196,ORD-2025-03037,11-Feb-2025,C0214,Consumer,Jaipur,Rajasthan,P081,FitForge Yoga Mat,Sports,Fitness,FitForge,MOBILE APP,Credit Card,4,"₹7,076.63","₹3,978.89",20%,₹0.00,15-Feb-2025,Not Returned,,,0,0%,
OL-004197,ORD-2025-03037,11-Feb-2025,C0214,Consumer,Jaipur,Rajasthan,P019,AeroStep Walking Shoes,Fashion,Footwear,AeroStep,Mobile App,Credit Card,1,"₹1,022.19",₹531.47,20%,₹99.00,12-Feb-2025,No,,,0,0%,4.0
OL-004214,ORD-2025-03047,21-Feb-2025,C0573,Consumer,Lucknow,Uttar Pradesh,P043,HomeSync Wi-Fi Security Camera,Electronics,Smart Devices,HomeSync,WEBSITE,cash on delivery,2,"₹19,776.03","₹13,144.70",0%,₹0.00,24-Feb-2025,N,,,0,0%,
OL-004215,ORD-2025-03047,21-Feb-2025,C0573,Consumer,Lucknow,Uttar Pradesh,P041,PixelNest Smart Watch,Electronics,Smart Devices,PixelNest,Website,cash on delivery,1,"₹16,851.34","₹10,108.00",10%,₹0.00,25-Feb-2025,Not Returned,,,0,0%,4.0
OL-004227,ORD-2025-03054,07-Feb-2025,C0302,Home Office,Noida,Uttar Pradesh,P085,FitForge Foam Roller,Sports,Fitness,FitForge,MOBILE APP,WALLET,2,"₹3,203.23","₹1,433.02",0%,₹0.00,12-Feb-2025,No,,,0,0%,5.0
OL-004265,ORD-2025-03084,18-Feb-2025,C0434,Corporate,Chandigarh,Punjab,P018,StrideX Casual Loafers,Fashion,Footwear,StrideX,Mobile App,UPI,2,"₹3,069.75","₹1,816.29",25%,₹0.00,22-Feb-2025,no,,,0,0%,5.0
